,Is_SLA_Breach,RPT_hours,RPT_hours,RPT_hours,Is_Bottleneck
,mean,mean,max,std,sum
Ticket Type,,,,,
Billing inquiry,0.07711138310893513,7.243841911764706,23.233333333333334,5.595892334175343,53
Cancellation request,0.0831858407079646,8.067732558139534,22.366666666666667,5.666303381156039,57
Product inquiry,0.07739183424741011,7.645622263914947,23.466666666666665,5.5073096043743535,47
Refund request,0.0821917808219178,8.06322706935123,22.783333333333335,5.720987114544663,70
Technical issue,0.08128219805380653,7.679683908045976,22.616666666666667,5.546428103305141,50
