Scenario,Breach Rate
Baseline,0.08029283268390601
Triage Optimization,0.06517888770811193
Refund Focus,0.07486125870823002
