Ticket Type,Ticket Volume,Avg RPT (Hrs),Avg CSAT
Billing inquiry,1634,-0.20781250000000004,3.0091799265605874
Cancellation request,1695,-0.16592377260981908,3.0088495575221237
Product inquiry,1641,-0.24318323952470294,3.0054844606946984
Refund request,1752,0.21803691275167783,2.9777397260273974
Technical issue,1747,0.06646551724137931,2.986262163709216
